prefecture,prefecture_en,year,minimum_wage
北海道,hokkaido,2025,1075
北海道,hokkaido,2024,1010
北海道,hokkaido,2023,960
北海道,hokkaido,2022,920
北海道,hokkaido,2021,889
北海道,hokkaido,2020,861
北海道,hokkaido,2019,861
北海道,hokkaido,2018,835
北海道,hokkaido,2017,810
北海道,hokkaido,2016,786
北海道,hokkaido,2015,764
北海道,hokkaido,2014,748
北海道,hokkaido,2013,734
北海道,hokkaido,2012,719
北海道,hokkaido,2011,705
北海道,hokkaido,2010,691
北海道,hokkaido,2009,678
北海道,hokkaido,2008,667
北海道,hokkaido,2007,654
北海道,hokkaido,2006,644
北海道,hokkaido,2005,641
北海道,hokkaido,2004,638
北海道,hokkaido,2003,637
北海道,hokkaido,2002,637
北海道,hokkaido,2001,637
北海道,hokkaido,2000,633
北海道,hokkaido,1999,628
北海道,hokkaido,1998,622
北海道,hokkaido,1997,611
北海道,hokkaido,1996,598
北海道,hokkaido,1995,586
北海道,hokkaido,1994,572
北海道,hokkaido,1993,559
北海道,hokkaido,1992,542
北海道,hokkaido,1991,520
北海道,hokkaido,1990,495
北海道,hokkaido,1989,472
北海道,hokkaido,1988,453
北海道,hokkaido,1987,440
北海道,hokkaido,1986,430
北海道,hokkaido,1985,418
北海道,hokkaido,1984,403
北海道,hokkaido,1983,394
北海道,hokkaido,1982,380
北海道,hokkaido,1981,359
北海道,hokkaido,1980,336
北海道,hokkaido,1979,314
北海道,hokkaido,1978,295
北海道,hokkaido,1977,277
青森,aomori,2025,1029
青森,aomori,2024,953
青森,aomori,2023,898
青森,aomori,2022,853
青森,aomori,2021,822
青森,aomori,2020,793
青森,aomori,2019,790
青森,aomori,2018,762
青森,aomori,2017,738
青森,aomori,2016,716
青森,aomori,2015,695
青森,aomori,2014,679
青森,aomori,2013,665
青森,aomori,2012,654
青森,aomori,2011,647
青森,aomori,2010,645
青森,aomori,2009,633
青森,aomori,2008,630
青森,aomori,2007,619
青森,aomori,2006,610
青森,aomori,2005,608
青森,aomori,2004,606
青森,aomori,2003,605
青森,aomori,2002,605
青森,aomori,2001,604
青森,aomori,2000,600
青森,aomori,1999,595
青森,aomori,1998,590
青森,aomori,1997,579
青森,aomori,1996,566
青森,aomori,1995,554
青森,aomori,1994,542
青森,aomori,1993,528
青森,aomori,1992,512
青森,aomori,1991,491
青森,aomori,1990,468
青森,aomori,1989,446
青森,aomori,1988,429
青森,aomori,1987,416
青森,aomori,1986,407
青森,aomori,1985,395
青森,aomori,1984,381
青森,aomori,1983,369
青森,aomori,1982,358
青森,aomori,1981,339
青森,aomori,1980,318
青森,aomori,1979,297
青森,aomori,1978,279
青森,aomori,1977,261
岩手,iwate,2025,1031
岩手,iwate,2024,952
岩手,iwate,2023,893
岩手,iwate,2022,854
岩手,iwate,2021,821
岩手,iwate,2020,793
岩手,iwate,2019,790
岩手,iwate,2018,762
岩手,iwate,2017,738
岩手,iwate,2016,716
岩手,iwate,2015,695
岩手,iwate,2014,678
岩手,iwate,2013,665
岩手,iwate,2012,653
岩手,iwate,2011,645
岩手,iwate,2010,644
岩手,iwate,2009,631
岩手,iwate,2008,628
岩手,iwate,2007,619
岩手,iwate,2006,610
岩手,iwate,2005,608
岩手,iwate,2004,606
岩手,iwate,2003,605
岩手,iwate,2002,605
岩手,iwate,2001,604
岩手,iwate,2000,600
岩手,iwate,1999,595
岩手,iwate,1998,590
岩手,iwate,1997,579
岩手,iwate,1996,566
岩手,iwate,1995,554
岩手,iwate,1994,541
岩手,iwate,1993,529
岩手,iwate,1992,512
岩手,iwate,1991,491
岩手,iwate,1990,468
岩手,iwate,1989,446
岩手,iwate,1988,429
岩手,iwate,1987,416
岩手,iwate,1986,407
岩手,iwate,1985,395
岩手,iwate,1984,381
岩手,iwate,1983,369
岩手,iwate,1982,358
岩手,iwate,1981,339
岩手,iwate,1980,318
岩手,iwate,1979,297
岩手,iwate,1978,279
岩手,iwate,1977,261
宮城,miyagi,2025,1038
宮城,miyagi,2024,973
宮城,miyagi,2023,923
宮城,miyagi,2022,883
宮城,miyagi,2021,853
宮城,miyagi,2020,825
宮城,miyagi,2019,824
宮城,miyagi,2018,798
宮城,miyagi,2017,772
宮城,miyagi,2016,748
宮城,miyagi,2015,726
宮城,miyagi,2014,710
宮城,miyagi,2013,696
宮城,miyagi,2012,685
宮城,miyagi,2011,675
宮城,miyagi,2010,674
宮城,miyagi,2009,662
宮城,miyagi,2008,653
宮城,miyagi,2007,639
宮城,miyagi,2006,628
宮城,miyagi,2005,623
宮城,miyagi,2004,619
宮城,miyagi,2003,617
宮城,miyagi,2002,617
宮城,miyagi,2001,617
宮城,miyagi,2000,613
宮城,miyagi,1999,607
宮城,miyagi,1998,602
宮城,miyagi,1997,591
宮城,miyagi,1996,581
宮城,miyagi,1995,569
宮城,miyagi,1994,554
宮城,miyagi,1993,540
宮城,miyagi,1992,523
宮城,miyagi,1991,502
宮城,miyagi,1990,479
宮城,miyagi,1989,456
宮城,miyagi,1988,440
宮城,miyagi,1987,426
宮城,miyagi,1986,417
宮城,miyagi,1985,405
宮城,miyagi,1984,391
宮城,miyagi,1983,379
宮城,miyagi,1982,368
宮城,miyagi,1981,349
宮城,miyagi,1980,328
宮城,miyagi,1979,307
宮城,miyagi,1978,289
宮城,miyagi,1977,271
秋田,akita,2025,1031
秋田,akita,2024,951
秋田,akita,2023,897
秋田,akita,2022,853
秋田,akita,2021,822
秋田,akita,2020,792
秋田,akita,2019,790
秋田,akita,2018,762
秋田,akita,2017,738
秋田,akita,2016,716
秋田,akita,2015,695
秋田,akita,2014,679
秋田,akita,2013,665
秋田,akita,2012,654
秋田,akita,2011,647
秋田,akita,2010,645
秋田,akita,2009,632
秋田,akita,2008,629
秋田,akita,2007,618
秋田,akita,2006,610
秋田,akita,2005,608
秋田,akita,2004,606
秋田,akita,2003,605
秋田,akita,2002,605
秋田,akita,2001,604
秋田,akita,2000,600
秋田,akita,1999,595
秋田,akita,1998,590
秋田,akita,1997,579
秋田,akita,1996,566
秋田,akita,1995,554
秋田,akita,1994,542
秋田,akita,1993,528
秋田,akita,1992,512
秋田,akita,1991,491
秋田,akita,1990,468
秋田,akita,1989,446
秋田,akita,1988,429
秋田,akita,1987,416
秋田,akita,1986,407
秋田,akita,1985,395
秋田,akita,1984,381
秋田,akita,1983,369
秋田,akita,1982,358
秋田,akita,1981,339
秋田,akita,1980,319
秋田,akita,1979,297
秋田,akita,1978,279
秋田,akita,1977,262
山形,yamagata,2025,1032
山形,yamagata,2024,955
山形,yamagata,2023,900
山形,yamagata,2022,854
山形,yamagata,2021,822
山形,yamagata,2020,793
山形,yamagata,2019,790
山形,yamagata,2018,763
山形,yamagata,2017,739
山形,yamagata,2016,717
山形,yamagata,2015,696
山形,yamagata,2014,680
山形,yamagata,2013,665
山形,yamagata,2012,654
山形,yamagata,2011,647
山形,yamagata,2010,645
山形,yamagata,2009,631
山形,yamagata,2008,629
山形,yamagata,2007,620
山形,yamagata,2006,613
山形,yamagata,2005,610
山形,yamagata,2004,607
山形,yamagata,2003,606
山形,yamagata,2002,605
山形,yamagata,2001,604
山形,yamagata,2000,600
山形,yamagata,1999,595
山形,yamagata,1998,590
山形,yamagata,1997,579
山形,yamagata,1996,566
山形,yamagata,1995,554
山形,yamagata,1994,542
山形,yamagata,1993,529
山形,yamagata,1992,513
山形,yamagata,1991,491
山形,yamagata,1990,468
山形,yamagata,1989,447
山形,yamagata,1988,429
山形,yamagata,1987,417
山形,yamagata,1986,408
山形,yamagata,1985,396
山形,yamagata,1984,382
山形,yamagata,1983,370
山形,yamagata,1982,359
山形,yamagata,1981,340
山形,yamagata,1980,319
山形,yamagata,1979,298
山形,yamagata,1978,280
山形,yamagata,1977,262
福島,fukushima,2025,1033
福島,fukushima,2024,955
福島,fukushima,2023,900
福島,fukushima,2022,858
福島,fukushima,2021,828
福島,fukushima,2020,800
福島,fukushima,2019,798
福島,fukushima,2018,772
福島,fukushima,2017,748
福島,fukushima,2016,726
福島,fukushima,2015,705
福島,fukushima,2014,689
福島,fukushima,2013,675
福島,fukushima,2012,664
福島,fukushima,2011,658
福島,fukushima,2010,657
福島,fukushima,2009,644
福島,fukushima,2008,641
福島,fukushima,2007,629
福島,fukushima,2006,618
福島,fukushima,2005,614
福島,fukushima,2004,611
福島,fukushima,2003,610
福島,fukushima,2002,610
福島,fukushima,2001,610
福島,fukushima,2000,606
福島,fukushima,1999,600
福島,fukushima,1998,595
福島,fukushima,1997,584
福島,fukushima,1996,571
福島,fukushima,1995,558
福島,fukushima,1994,546
福島,fukushima,1993,534
福島,fukushima,1992,517
福島,fukushima,1991,496
福島,fukushima,1990,472
福島,fukushima,1989,451
福島,fukushima,1988,433
福島,fukushima,1987,421
福島,fukushima,1986,412
福島,fukushima,1985,400
福島,fukushima,1984,386
福島,fukushima,1983,374
福島,fukushima,1982,362
福島,fukushima,1981,344
福島,fukushima,1980,323
福島,fukushima,1979,302
福島,fukushima,1978,284
福島,fukushima,1977,266
茨城,ibaraki,2025,1074
茨城,ibaraki,2024,1005
茨城,ibaraki,2023,953
茨城,ibaraki,2022,911
茨城,ibaraki,2021,879
茨城,ibaraki,2020,851
茨城,ibaraki,2019,849
茨城,ibaraki,2018,822
茨城,ibaraki,2017,796
茨城,ibaraki,2016,771
茨城,ibaraki,2015,747
茨城,ibaraki,2014,729
茨城,ibaraki,2013,713
茨城,ibaraki,2012,699
茨城,ibaraki,2011,692
茨城,ibaraki,2010,690
茨城,ibaraki,2009,678
茨城,ibaraki,2008,676
茨城,ibaraki,2007,665
茨城,ibaraki,2006,655
茨城,ibaraki,2005,651
茨城,ibaraki,2004,648
茨城,ibaraki,2003,647
茨城,ibaraki,2002,647
茨城,ibaraki,2001,646
茨城,ibaraki,2000,642
茨城,ibaraki,1999,637
茨城,ibaraki,1998,632
茨城,ibaraki,1997,621
茨城,ibaraki,1996,606
茨城,ibaraki,1995,593
茨城,ibaraki,1994,581
茨城,ibaraki,1993,567
茨城,ibaraki,1992,550
茨城,ibaraki,1991,527
茨城,ibaraki,1990,502
茨城,ibaraki,1989,479
茨城,ibaraki,1988,460
茨城,ibaraki,1987,447
茨城,ibaraki,1986,437
茨城,ibaraki,1985,424
茨城,ibaraki,1984,410
茨城,ibaraki,1983,397
茨城,ibaraki,1982,385
茨城,ibaraki,1981,365
茨城,ibaraki,1980,343
茨城,ibaraki,1979,5
茨城,ibaraki,1978,302
茨城,ibaraki,1977,5
栃木,tochigi,2025,1068
栃木,tochigi,2024,1004
栃木,tochigi,2023,954
栃木,tochigi,2022,913
栃木,tochigi,2021,882
栃木,tochigi,2020,854
栃木,tochigi,2019,853
栃木,tochigi,2018,826
栃木,tochigi,2017,800
栃木,tochigi,2016,775
栃木,tochigi,2015,751
栃木,tochigi,2014,733
栃木,tochigi,2013,718
栃木,tochigi,2012,705
栃木,tochigi,2011,700
栃木,tochigi,2010,697
栃木,tochigi,2009,685
栃木,tochigi,2008,683
栃木,tochigi,2007,671
栃木,tochigi,2006,657
栃木,tochigi,2005,652
栃木,tochigi,2004,649
栃木,tochigi,2003,648
栃木,tochigi,2002,648
栃木,tochigi,2001,648
栃木,tochigi,2000,643
栃木,tochigi,1999,638
栃木,tochigi,1998,632
栃木,tochigi,1997,620
栃木,tochigi,1996,606
栃木,tochigi,1995,593
栃木,tochigi,1994,581
栃木,tochigi,1993,566
栃木,tochigi,1992,548
栃木,tochigi,1991,526
栃木,tochigi,1990,501
栃木,tochigi,1989,478
栃木,tochigi,1988,459
栃木,tochigi,1987,446
栃木,tochigi,1986,436
栃木,tochigi,1985,424
栃木,tochigi,1984,409
栃木,tochigi,1983,397
栃木,tochigi,1982,384
栃木,tochigi,1981,365
栃木,tochigi,1980,343
栃木,tochigi,1979,320
栃木,tochigi,1978,302
栃木,tochigi,1977,284
群馬,gunma,2025,1063
群馬,gunma,2024,985
群馬,gunma,2023,935
群馬,gunma,2022,895
群馬,gunma,2021,865
群馬,gunma,2020,837
群馬,gunma,2019,835
群馬,gunma,2018,809
群馬,gunma,2017,783
群馬,gunma,2016,759
群馬,gunma,2015,737
群馬,gunma,2014,721
群馬,gunma,2013,707
群馬,gunma,2012,696
群馬,gunma,2011,690
群馬,gunma,2010,688
群馬,gunma,2009,676
群馬,gunma,2008,675
群馬,gunma,2007,664
群馬,gunma,2006,654
群馬,gunma,2005,649
群馬,gunma,2004,645
群馬,gunma,2003,644
群馬,gunma,2002,644
群馬,gunma,2001,644
群馬,gunma,2000,639
群馬,gunma,1999,635
群馬,gunma,1998,629
群馬,gunma,1997,620
群馬,gunma,1996,606
群馬,gunma,1995,593
群馬,gunma,1994,579
群馬,gunma,1993,565
群馬,gunma,1992,548
群馬,gunma,1991,526
群馬,gunma,1990,501
群馬,gunma,1989,478
群馬,gunma,1988,459
群馬,gunma,1987,446
群馬,gunma,1986,436
群馬,gunma,1985,424
群馬,gunma,1984,409
群馬,gunma,1983,397
群馬,gunma,1982,384
群馬,gunma,1981,365
群馬,gunma,1980,343
群馬,gunma,1979,320
群馬,gunma,1978,302
群馬,gunma,1977,284
埼玉,saitama,2025,1141
埼玉,saitama,2024,1078
埼玉,saitama,2023,1028
埼玉,saitama,2022,987
埼玉,saitama,2021,956
埼玉,saitama,2020,928
埼玉,saitama,2019,926
埼玉,saitama,2018,898
埼玉,saitama,2017,871
埼玉,saitama,2016,845
埼玉,saitama,2015,820
埼玉,saitama,2014,802
埼玉,saitama,2013,785
埼玉,saitama,2012,771
埼玉,saitama,2011,759
埼玉,saitama,2010,750
埼玉,saitama,2009,735
埼玉,saitama,2008,722
埼玉,saitama,2007,702
埼玉,saitama,2006,687
埼玉,saitama,2005,682
埼玉,saitama,2004,679
埼玉,saitama,2003,678
埼玉,saitama,2002,678
埼玉,saitama,2001,677
埼玉,saitama,2000,673
埼玉,saitama,1999,669
埼玉,saitama,1998,664
埼玉,saitama,1997,652
埼玉,saitama,1996,638
埼玉,saitama,1995,625
埼玉,saitama,1994,611
埼玉,saitama,1993,595
埼玉,saitama,1992,577
埼玉,saitama,1991,553
埼玉,saitama,1990,527
埼玉,saitama,1989,503
埼玉,saitama,1988,484
埼玉,saitama,1987,470
埼玉,saitama,1986,459
埼玉,saitama,1985,446
埼玉,saitama,1984,430
埼玉,saitama,1983,417
埼玉,saitama,1982,405
埼玉,saitama,1981,384
埼玉,saitama,1980,360
埼玉,saitama,1979,336
埼玉,saitama,1978,25
埼玉,saitama,1977,5
千葉,chiba,2025,1140
千葉,chiba,2024,1076
千葉,chiba,2023,1026
千葉,chiba,2022,984
千葉,chiba,2021,953
千葉,chiba,2020,925
千葉,chiba,2019,923
千葉,chiba,2018,895
千葉,chiba,2017,868
千葉,chiba,2016,842
千葉,chiba,2015,817
千葉,chiba,2014,798
千葉,chiba,2013,777
千葉,chiba,2012,756
千葉,chiba,2011,748
千葉,chiba,2010,744
千葉,chiba,2009,728
千葉,chiba,2008,723
千葉,chiba,2007,706
千葉,chiba,2006,687
千葉,chiba,2005,682
千葉,chiba,2004,678
千葉,chiba,2003,677
千葉,chiba,2002,677
千葉,chiba,2001,676
千葉,chiba,2000,672
千葉,chiba,1999,667
千葉,chiba,1998,662
千葉,chiba,1997,650
千葉,chiba,1996,635
千葉,chiba,1995,623
千葉,chiba,1994,609
千葉,chiba,1993,594
千葉,chiba,1992,576
千葉,chiba,1991,553
千葉,chiba,1990,527
千葉,chiba,1989,503
千葉,chiba,1988,483
千葉,chiba,1987,469
千葉,chiba,1986,459
千葉,chiba,1985,446
千葉,chiba,1984,430
千葉,chiba,1983,417
千葉,chiba,1982,405
千葉,chiba,1981,384
千葉,chiba,1980,361
千葉,chiba,1979,337
千葉,chiba,1978,318
千葉,chiba,1977,299
東京,tokyo,2025,1226
東京,tokyo,2024,1163
東京,tokyo,2023,1113
東京,tokyo,2022,1072
東京,tokyo,2021,1041
東京,tokyo,2020,1013
東京,tokyo,2019,1013
東京,tokyo,2018,985
東京,tokyo,2017,958
東京,tokyo,2016,932
東京,tokyo,2015,907
東京,tokyo,2014,888
東京,tokyo,2013,869
東京,tokyo,2012,850
東京,tokyo,2011,837
東京,tokyo,2010,821
東京,tokyo,2009,791
東京,tokyo,2008,766
東京,tokyo,2007,739
東京,tokyo,2006,719
東京,tokyo,2005,714
東京,tokyo,2004,710
東京,tokyo,2003,708
東京,tokyo,2002,708
東京,tokyo,2001,708
東京,tokyo,2000,703
東京,tokyo,1999,698
東京,tokyo,1998,692
東京,tokyo,1997,679
東京,tokyo,1996,664
東京,tokyo,1995,650
東京,tokyo,1994,634
東京,tokyo,1993,620
東京,tokyo,1992,601
東京,tokyo,1991,575
東京,tokyo,1990,548
東京,tokyo,1989,525
東京,tokyo,1988,508
東京,tokyo,1987,497
東京,tokyo,1986,488
東京,tokyo,1985,477
東京,tokyo,1984,463
東京,tokyo,1983,452
東京,tokyo,1982,442
東京,tokyo,1981,422
東京,tokyo,1980,405
東京,tokyo,1979,382
東京,tokyo,1978,365
東京,tokyo,1977,345
神奈川,kanagawa,2025,1225
神奈川,kanagawa,2024,1162
神奈川,kanagawa,2023,1112
神奈川,kanagawa,2022,1071
神奈川,kanagawa,2021,1040
神奈川,kanagawa,2020,1012
神奈川,kanagawa,2019,1011
神奈川,kanagawa,2018,983
神奈川,kanagawa,2017,956
神奈川,kanagawa,2016,930
神奈川,kanagawa,2015,905
神奈川,kanagawa,2014,887
神奈川,kanagawa,2013,868
神奈川,kanagawa,2012,849
神奈川,kanagawa,2011,836
神奈川,kanagawa,2010,818
神奈川,kanagawa,2009,789
神奈川,kanagawa,2008,766
神奈川,kanagawa,2007,736
神奈川,kanagawa,2006,717
神奈川,kanagawa,2005,712
神奈川,kanagawa,2004,708
神奈川,kanagawa,2003,707
神奈川,kanagawa,2002,706
神奈川,kanagawa,2001,706
神奈川,kanagawa,2000,701
神奈川,kanagawa,1999,696
神奈川,kanagawa,1998,690
神奈川,kanagawa,1997,677
神奈川,kanagawa,1996,662
神奈川,kanagawa,1995,648
神奈川,kanagawa,1994,634
神奈川,kanagawa,1993,619
神奈川,kanagawa,1992,600
神奈川,kanagawa,1991,572
神奈川,kanagawa,1990,545
神奈川,kanagawa,1989,520
神奈川,kanagawa,1988,500
神奈川,kanagawa,1987,486
神奈川,kanagawa,1986,475
神奈川,kanagawa,1985,461
神奈川,kanagawa,1984,445
神奈川,kanagawa,1983,432
神奈川,kanagawa,1982,419
神奈川,kanagawa,1981,397
神奈川,kanagawa,1980,373
神奈川,kanagawa,1979,349
神奈川,kanagawa,1978,329
神奈川,kanagawa,1977,309
新潟,niigata,2025,1050
新潟,niigata,2024,985
新潟,niigata,2023,931
新潟,niigata,2022,890
新潟,niigata,2021,859
新潟,niigata,2020,831
新潟,niigata,2019,830
新潟,niigata,2018,803
新潟,niigata,2017,778
新潟,niigata,2016,753
新潟,niigata,2015,731
新潟,niigata,2014,715
新潟,niigata,2013,701
新潟,niigata,2012,689
新潟,niigata,2011,683
新潟,niigata,2010,681
新潟,niigata,2009,669
新潟,niigata,2008,669
新潟,niigata,2007,657
新潟,niigata,2006,648
新潟,niigata,2005,645
新潟,niigata,2004,642
新潟,niigata,2003,641
新潟,niigata,2002,641
新潟,niigata,2001,641
新潟,niigata,2000,637
新潟,niigata,1999,632
新潟,niigata,1998,626
新潟,niigata,1997,616
新潟,niigata,1996,602
新潟,niigata,1995,589
新潟,niigata,1994,576
新潟,niigata,1993,563
新潟,niigata,1992,545
新潟,niigata,1991,523
新潟,niigata,1990,499
新潟,niigata,1989,476
新潟,niigata,1988,457
新潟,niigata,1987,444
新潟,niigata,1986,434
新潟,niigata,1985,421
新潟,niigata,1984,407
新潟,niigata,1983,394
新潟,niigata,1982,382
新潟,niigata,1981,362
新潟,niigata,1980,341
新潟,niigata,1979,319
新潟,niigata,1978,301
新潟,niigata,1977,281
富山,toyama,2025,1062
富山,toyama,2024,998
富山,toyama,2023,948
富山,toyama,2022,908
富山,toyama,2021,877
富山,toyama,2020,849
富山,toyama,2019,848
富山,toyama,2018,821
富山,toyama,2017,795
富山,toyama,2016,770
富山,toyama,2015,746
富山,toyama,2014,728
富山,toyama,2013,712
富山,toyama,2012,700
富山,toyama,2011,692
富山,toyama,2010,691
富山,toyama,2009,679
富山,toyama,2008,677
富山,toyama,2007,666
富山,toyama,2006,652
富山,toyama,2005,648
富山,toyama,2004,644
富山,toyama,2003,644
富山,toyama,2002,644
富山,toyama,2001,644
富山,toyama,2000,640
富山,toyama,1999,635
富山,toyama,1998,629
富山,toyama,1997,618
富山,toyama,1996,605
富山,toyama,1995,593
富山,toyama,1994,579
富山,toyama,1993,566
富山,toyama,1992,549
富山,toyama,1991,527
富山,toyama,1990,502
富山,toyama,1989,479
富山,toyama,1988,461
富山,toyama,1987,447
富山,toyama,1986,438
富山,toyama,1985,426
富山,toyama,1984,410
富山,toyama,1983,400
富山,toyama,1982,386
富山,toyama,1981,366
富山,toyama,1980,344
富山,toyama,1979,322
富山,toyama,1978,304
富山,toyama,1977,285
石川,ishikawa,2025,1054
石川,ishikawa,2024,984
石川,ishikawa,2023,933
石川,ishikawa,2022,891
石川,ishikawa,2021,861
石川,ishikawa,2020,833
石川,ishikawa,2019,832
石川,ishikawa,2018,806
石川,ishikawa,2017,781
石川,ishikawa,2016,757
石川,ishikawa,2015,735
石川,ishikawa,2014,718
石川,ishikawa,2013,704
石川,ishikawa,2012,693
石川,ishikawa,2011,687
石川,ishikawa,2010,686
石川,ishikawa,2009,674
石川,ishikawa,2008,673
石川,ishikawa,2007,662
石川,ishikawa,2006,652
石川,ishikawa,2005,649
石川,ishikawa,2004,646
石川,ishikawa,2003,645
石川,ishikawa,2002,645
石川,ishikawa,2001,645
石川,ishikawa,2000,641
石川,ishikawa,1999,636
石川,ishikawa,1998,630
石川,ishikawa,1997,619
石川,ishikawa,1996,606
石川,ishikawa,1995,593
石川,ishikawa,1994,580
石川,ishikawa,1993,568
石川,ishikawa,1992,550
石川,ishikawa,1991,528
石川,ishikawa,1990,503
石川,ishikawa,1989,480
石川,ishikawa,1988,461
石川,ishikawa,1987,448
石川,ishikawa,1986,438
石川,ishikawa,1985,426
石川,ishikawa,1984,412
石川,ishikawa,1983,400
石川,ishikawa,1982,386
石川,ishikawa,1981,367
石川,ishikawa,1980,345
石川,ishikawa,1979,322
石川,ishikawa,1978,307
石川,ishikawa,1977,285
福井,fukui,2025,1053
福井,fukui,2024,984
福井,fukui,2023,931
福井,fukui,2022,888
福井,fukui,2021,858
福井,fukui,2020,830
福井,fukui,2019,829
福井,fukui,2018,803
福井,fukui,2017,778
福井,fukui,2016,754
福井,fukui,2015,732
福井,fukui,2014,716
福井,fukui,2013,701
福井,fukui,2012,690
福井,fukui,2011,684
福井,fukui,2010,683
福井,fukui,2009,671
福井,fukui,2008,670
福井,fukui,2007,659
福井,fukui,2006,649
福井,fukui,2005,645
福井,fukui,2004,643
福井,fukui,2003,642
福井,fukui,2002,642
福井,fukui,2001,642
福井,fukui,2000,637
福井,fukui,1999,632
福井,fukui,1998,628
福井,fukui,1997,616
福井,fukui,1996,603
福井,fukui,1995,590
福井,fukui,1994,577
福井,fukui,1993,565
福井,fukui,1992,547
福井,fukui,1991,524
福井,fukui,1990,500
福井,fukui,1989,476
福井,fukui,1988,458
福井,fukui,1987,444
福井,fukui,1986,435
福井,fukui,1985,422
福井,fukui,1984,407
福井,fukui,1983,395
福井,fukui,1982,383
福井,fukui,1981,363
福井,fukui,1980,342
福井,fukui,1979,320
福井,fukui,1978,300
福井,fukui,1977,282
山梨,yamanashi,2025,1052
山梨,yamanashi,2024,988
山梨,yamanashi,2023,938
山梨,yamanashi,2022,898
山梨,yamanashi,2021,866
山梨,yamanashi,2020,838
山梨,yamanashi,2019,837
山梨,yamanashi,2018,810
山梨,yamanashi,2017,784
山梨,yamanashi,2016,759
山梨,yamanashi,2015,737
山梨,yamanashi,2014,721
山梨,yamanashi,2013,706
山梨,yamanashi,2012,695
山梨,yamanashi,2011,690
山梨,yamanashi,2010,689
山梨,yamanashi,2009,677
山梨,yamanashi,2008,676
山梨,yamanashi,2007,665
山梨,yamanashi,2006,655
山梨,yamanashi,2005,651
山梨,yamanashi,2004,648
山梨,yamanashi,2003,647
山梨,yamanashi,2002,647
山梨,yamanashi,2001,647
山梨,yamanashi,2000,643
山梨,yamanashi,1999,638
山梨,yamanashi,1998,632
山梨,yamanashi,1997,622
山梨,yamanashi,1996,608
山梨,yamanashi,1995,595
山梨,yamanashi,1994,582
山梨,yamanashi,1993,568
山梨,yamanashi,1992,551
山梨,yamanashi,1991,528
山梨,yamanashi,1990,504
山梨,yamanashi,1989,481
山梨,yamanashi,1988,462
山梨,yamanashi,1987,449
山梨,yamanashi,1986,439
山梨,yamanashi,1985,426
山梨,yamanashi,1984,412
山梨,yamanashi,1983,399
山梨,yamanashi,1982,387
山梨,yamanashi,1981,367
山梨,yamanashi,1980,346
山梨,yamanashi,1979,323
山梨,yamanashi,1978,304
山梨,yamanashi,1977,286
長野,nagano,2025,1061
長野,nagano,2024,998
長野,nagano,2023,948
長野,nagano,2022,908
長野,nagano,2021,877
長野,nagano,2020,849
長野,nagano,2019,848
長野,nagano,2018,821
長野,nagano,2017,795
長野,nagano,2016,770
長野,nagano,2015,746
長野,nagano,2014,728
長野,nagano,2013,713
長野,nagano,2012,700
長野,nagano,2011,694
長野,nagano,2010,693
長野,nagano,2009,681
長野,nagano,2008,680
長野,nagano,2007,669
長野,nagano,2006,655
長野,nagano,2005,650
長野,nagano,2004,647
長野,nagano,2003,646
長野,nagano,2002,646
長野,nagano,2001,646
長野,nagano,2000,641
長野,nagano,1999,636
長野,nagano,1998,630
長野,nagano,1997,619
長野,nagano,1996,607
長野,nagano,1995,594
長野,nagano,1994,580
長野,nagano,1993,568
長野,nagano,1992,551
長野,nagano,1991,528
長野,nagano,1990,503
長野,nagano,1989,480
長野,nagano,1988,461
長野,nagano,1987,448
長野,nagano,1986,438
長野,nagano,1985,426
長野,nagano,1984,412
長野,nagano,1983,401
長野,nagano,1982,386
長野,nagano,1981,367
長野,nagano,1980,345
長野,nagano,1979,323
長野,nagano,1978,304
長野,nagano,1977,286
岐阜,gifu,2025,1065
岐阜,gifu,2024,1001
岐阜,gifu,2023,950
岐阜,gifu,2022,910
岐阜,gifu,2021,880
岐阜,gifu,2020,852
岐阜,gifu,2019,851
岐阜,gifu,2018,825
岐阜,gifu,2017,800
岐阜,gifu,2016,776
岐阜,gifu,2015,754
岐阜,gifu,2014,738
岐阜,gifu,2013,724
岐阜,gifu,2012,713
岐阜,gifu,2011,707
岐阜,gifu,2010,706
岐阜,gifu,2009,696
岐阜,gifu,2008,696
岐阜,gifu,2007,685
岐阜,gifu,2006,675
岐阜,gifu,2005,671
岐阜,gifu,2004,669
岐阜,gifu,2003,668
岐阜,gifu,2002,668
岐阜,gifu,2001,668
岐阜,gifu,2000,663
岐阜,gifu,1999,658
岐阜,gifu,1998,653
岐阜,gifu,1997,641
岐阜,gifu,1996,628
岐阜,gifu,1995,616
岐阜,gifu,1994,603
岐阜,gifu,1993,588
岐阜,gifu,1992,570
岐阜,gifu,1991,547
岐阜,gifu,1990,521
岐阜,gifu,1989,497
岐阜,gifu,1988,478
岐阜,gifu,1987,464
岐阜,gifu,1986,454
岐阜,gifu,1985,440
岐阜,gifu,1984,425
岐阜,gifu,1983,412
岐阜,gifu,1982,399
岐阜,gifu,1981,378
岐阜,gifu,1980,355
岐阜,gifu,1979,332
岐阜,gifu,1978,75
岐阜,gifu,1977,293
静岡,shizuoka,2025,1097
静岡,shizuoka,2024,1034
静岡,shizuoka,2023,984
静岡,shizuoka,2022,944
静岡,shizuoka,2021,913
静岡,shizuoka,2020,885
静岡,shizuoka,2019,885
静岡,shizuoka,2018,858
静岡,shizuoka,2017,832
静岡,shizuoka,2016,807
静岡,shizuoka,2015,783
静岡,shizuoka,2014,765
静岡,shizuoka,2013,749
静岡,shizuoka,2012,735
静岡,shizuoka,2011,728
静岡,shizuoka,2010,725
静岡,shizuoka,2009,713
静岡,shizuoka,2008,711
静岡,shizuoka,2007,697
静岡,shizuoka,2006,682
静岡,shizuoka,2005,677
静岡,shizuoka,2004,673
静岡,shizuoka,2003,671
静岡,shizuoka,2002,671
静岡,shizuoka,2001,671
静岡,shizuoka,2000,667
静岡,shizuoka,1999,662
静岡,shizuoka,1998,656
静岡,shizuoka,1997,645
静岡,shizuoka,1996,630
静岡,shizuoka,1995,617
静岡,shizuoka,1994,603
静岡,shizuoka,1993,589
静岡,shizuoka,1992,571
静岡,shizuoka,1991,548
静岡,shizuoka,1990,522
静岡,shizuoka,1989,498
静岡,shizuoka,1988,478
静岡,shizuoka,1987,464
静岡,shizuoka,1986,454
静岡,shizuoka,1985,441
静岡,shizuoka,1984,425
静岡,shizuoka,1983,413
静岡,shizuoka,1982,400
静岡,shizuoka,1981,379
静岡,shizuoka,1980,356
静岡,shizuoka,1979,332
静岡,shizuoka,1978,5
静岡,shizuoka,1977,294
愛知,aichi,2025,1140
愛知,aichi,2024,1077
愛知,aichi,2023,1027
愛知,aichi,2022,986
愛知,aichi,2021,955
愛知,aichi,2020,927
愛知,aichi,2019,926
愛知,aichi,2018,898
愛知,aichi,2017,871
愛知,aichi,2016,845
愛知,aichi,2015,820
愛知,aichi,2014,800
愛知,aichi,2013,780
愛知,aichi,2012,758
愛知,aichi,2011,750
愛知,aichi,2010,745
愛知,aichi,2009,732
愛知,aichi,2008,731
愛知,aichi,2007,714
愛知,aichi,2006,694
愛知,aichi,2005,688
愛知,aichi,2004,683
愛知,aichi,2003,681
愛知,aichi,2002,681
愛知,aichi,2001,681
愛知,aichi,2000,677
愛知,aichi,1999,671
愛知,aichi,1998,665
愛知,aichi,1997,654
愛知,aichi,1996,640
愛知,aichi,1995,626
愛知,aichi,1994,613
愛知,aichi,1993,598
愛知,aichi,1992,580
愛知,aichi,1991,557
愛知,aichi,1990,531
愛知,aichi,1989,507
愛知,aichi,1988,488
愛知,aichi,1987,474
愛知,aichi,1986,463
愛知,aichi,1985,450
愛知,aichi,1984,435
愛知,aichi,1983,422
愛知,aichi,1982,409
愛知,aichi,1981,5
愛知,aichi,1980,13
愛知,aichi,1979,38
愛知,aichi,1978,88
愛知,aichi,1977,302
三重,mie,2025,1087
三重,mie,2024,1023
三重,mie,2023,973
三重,mie,2022,933
三重,mie,2021,902
三重,mie,2020,874
三重,mie,2019,873
三重,mie,2018,846
三重,mie,2017,820
三重,mie,2016,795
三重,mie,2015,771
三重,mie,2014,753
三重,mie,2013,737
三重,mie,2012,724
三重,mie,2011,717
三重,mie,2010,714
三重,mie,2009,702
三重,mie,2008,701
三重,mie,2007,689
三重,mie,2006,675
三重,mie,2005,671
三重,mie,2004,668
三重,mie,2003,667
三重,mie,2002,667
三重,mie,2001,667
三重,mie,2000,663
三重,mie,1999,658
三重,mie,1998,652
三重,mie,1997,642
三重,mie,1996,629
三重,mie,1995,616
三重,mie,1994,602
三重,mie,1993,589
三重,mie,1992,571
三重,mie,1991,547
三重,mie,1990,521
三重,mie,1989,497
三重,mie,1988,478
三重,mie,1987,464
三重,mie,1986,454
三重,mie,1985,440
三重,mie,1984,425
三重,mie,1983,412
三重,mie,1982,400
三重,mie,1981,378
三重,mie,1980,355
三重,mie,1979,332
三重,mie,1978,312
三重,mie,1977,293
滋賀,shiga,2025,1080
滋賀,shiga,2024,1017
滋賀,shiga,2023,967
滋賀,shiga,2022,927
滋賀,shiga,2021,896
滋賀,shiga,2020,868
滋賀,shiga,2019,866
滋賀,shiga,2018,839
滋賀,shiga,2017,813
滋賀,shiga,2016,788
滋賀,shiga,2015,764
滋賀,shiga,2014,746
滋賀,shiga,2013,730
滋賀,shiga,2012,716
滋賀,shiga,2011,709
滋賀,shiga,2010,706
滋賀,shiga,2009,693
滋賀,shiga,2008,691
滋賀,shiga,2007,677
滋賀,shiga,2006,662
滋賀,shiga,2005,657
滋賀,shiga,2004,652
滋賀,shiga,2003,651
滋賀,shiga,2002,651
滋賀,shiga,2001,651
滋賀,shiga,2000,647
滋賀,shiga,1999,640
滋賀,shiga,1998,635
滋賀,shiga,1997,623
滋賀,shiga,1996,609
滋賀,shiga,1995,596
滋賀,shiga,1994,581
滋賀,shiga,1993,567
滋賀,shiga,1992,550
滋賀,shiga,1991,528
滋賀,shiga,1990,503
滋賀,shiga,1989,480
滋賀,shiga,1988,461
滋賀,shiga,1987,447
滋賀,shiga,1986,437
滋賀,shiga,1985,425
滋賀,shiga,1984,410
滋賀,shiga,1983,397
滋賀,shiga,1982,385
滋賀,shiga,1981,365
滋賀,shiga,1980,342
滋賀,shiga,1979,319
滋賀,shiga,1978,300
滋賀,shiga,1977,282
京都,kyoto,2025,1122
京都,kyoto,2024,1058
京都,kyoto,2023,1008
京都,kyoto,2022,968
京都,kyoto,2021,937
京都,kyoto,2020,909
京都,kyoto,2019,909
京都,kyoto,2018,882
京都,kyoto,2017,856
京都,kyoto,2016,831
京都,kyoto,2015,807
京都,kyoto,2014,789
京都,kyoto,2013,773
京都,kyoto,2012,759
京都,kyoto,2011,751
京都,kyoto,2010,749
京都,kyoto,2009,729
京都,kyoto,2008,717
京都,kyoto,2007,700
京都,kyoto,2006,686
京都,kyoto,2005,682
京都,kyoto,2004,678
京都,kyoto,2003,677
京都,kyoto,2002,677
京都,kyoto,2001,677
京都,kyoto,2000,673
京都,kyoto,1999,668
京都,kyoto,1998,661
京都,kyoto,1997,650
京都,kyoto,1996,637
京都,kyoto,1995,624
京都,kyoto,1994,609
京都,kyoto,1993,595
京都,kyoto,1992,577
京都,kyoto,1991,553
京都,kyoto,1990,527
京都,kyoto,1978,315
京都,kyoto,1977,296
大阪,osaka,2025,1177
大阪,osaka,2024,1114
大阪,osaka,2023,1064
大阪,osaka,2022,1023
大阪,osaka,2021,992
大阪,osaka,2020,964
大阪,osaka,2019,964
大阪,osaka,2018,936
大阪,osaka,2017,909
大阪,osaka,2016,883
大阪,osaka,2015,858
大阪,osaka,2014,838
大阪,osaka,2013,819
大阪,osaka,2012,800
大阪,osaka,2011,786
大阪,osaka,2010,779
大阪,osaka,2009,762
大阪,osaka,2008,748
大阪,osaka,2007,731
大阪,osaka,2006,712
大阪,osaka,2005,708
大阪,osaka,2004,704
大阪,osaka,2003,703
大阪,osaka,2002,703
大阪,osaka,2001,703
大阪,osaka,2000,699
大阪,osaka,1999,695
大阪,osaka,1998,690
大阪,osaka,1997,677
大阪,osaka,1996,662
大阪,osaka,1995,648
大阪,osaka,1994,634
大阪,osaka,1993,620
大阪,osaka,1992,601
大阪,osaka,1991,575
大阪,osaka,1990,547
大阪,osaka,1989,523
大阪,osaka,1988,503
大阪,osaka,1987,490
大阪,osaka,1986,480
大阪,osaka,1985,465
大阪,osaka,1984,450
大阪,osaka,1983,435
大阪,osaka,1982,423
大阪,osaka,1981,402
大阪,osaka,1980,375
大阪,osaka,1979,350
大阪,osaka,1978,330
大阪,osaka,1977,315
兵庫,hyogo,2025,1116
兵庫,hyogo,2024,1052
兵庫,hyogo,2023,1001
兵庫,hyogo,2022,960
兵庫,hyogo,2021,928
兵庫,hyogo,2020,900
兵庫,hyogo,2019,899
兵庫,hyogo,2018,871
兵庫,hyogo,2017,844
兵庫,hyogo,2016,819
兵庫,hyogo,2015,794
兵庫,hyogo,2014,776
兵庫,hyogo,2013,761
兵庫,hyogo,2012,749
兵庫,hyogo,2011,739
兵庫,hyogo,2010,734
兵庫,hyogo,2009,721
兵庫,hyogo,2008,712
兵庫,hyogo,2007,697
兵庫,hyogo,2006,683
兵庫,hyogo,2005,679
兵庫,hyogo,2004,676
兵庫,hyogo,2003,675
兵庫,hyogo,2002,675
兵庫,hyogo,2001,675
兵庫,hyogo,2000,671
兵庫,hyogo,1999,666
兵庫,hyogo,1998,660
兵庫,hyogo,1997,648
兵庫,hyogo,1996,634
兵庫,hyogo,1995,620
兵庫,hyogo,1994,608
兵庫,hyogo,1993,594
兵庫,hyogo,1992,577
兵庫,hyogo,1991,553
兵庫,hyogo,1990,527
兵庫,hyogo,1989,502
兵庫,hyogo,1988,482
兵庫,hyogo,1987,468
兵庫,hyogo,1986,458
兵庫,hyogo,1985,445
兵庫,hyogo,1984,430
兵庫,hyogo,1983,415
兵庫,hyogo,1982,403
兵庫,hyogo,1981,382
兵庫,hyogo,1980,359
兵庫,hyogo,1979,335
兵庫,hyogo,1978,315
兵庫,hyogo,1977,296
奈良,nara,2025,1051
奈良,nara,2024,986
奈良,nara,2023,936
奈良,nara,2022,896
奈良,nara,2021,866
奈良,nara,2020,838
奈良,nara,2019,837
奈良,nara,2018,811
奈良,nara,2017,786
奈良,nara,2016,762
奈良,nara,2015,740
奈良,nara,2014,724
奈良,nara,2013,710
奈良,nara,2012,699
奈良,nara,2011,693
奈良,nara,2010,691
奈良,nara,2009,679
奈良,nara,2008,678
奈良,nara,2007,667
奈良,nara,2006,656
奈良,nara,2005,652
奈良,nara,2004,648
奈良,nara,2003,647
奈良,nara,2002,647
奈良,nara,2001,647
奈良,nara,2000,643
奈良,nara,1999,638
奈良,nara,1998,632
奈良,nara,1997,621
奈良,nara,1996,608
奈良,nara,1995,595
奈良,nara,1994,581
奈良,nara,1993,568
奈良,nara,1992,550
奈良,nara,1991,527
奈良,nara,1990,502
奈良,nara,1989,477
奈良,nara,1988,457
奈良,nara,1987,442
奈良,nara,1986,433
奈良,nara,1985,420
奈良,nara,1984,405
奈良,nara,1983,392
奈良,nara,1982,379
奈良,nara,1981,359
奈良,nara,1980,337
奈良,nara,1979,313
奈良,nara,1978,294
奈良,nara,1977,276
和歌山,wakayama,2025,1045
和歌山,wakayama,2024,980
和歌山,wakayama,2023,929
和歌山,wakayama,2022,889
和歌山,wakayama,2021,859
和歌山,wakayama,2020,831
和歌山,wakayama,2019,830
和歌山,wakayama,2018,803
和歌山,wakayama,2017,777
和歌山,wakayama,2016,753
和歌山,wakayama,2015,731
和歌山,wakayama,2014,715
和歌山,wakayama,2013,701
和歌山,wakayama,2012,690
和歌山,wakayama,2011,685
和歌山,wakayama,2010,684
和歌山,wakayama,2009,674
和歌山,wakayama,2008,673
和歌山,wakayama,2007,662
和歌山,wakayama,2006,652
和歌山,wakayama,2005,649
和歌山,wakayama,2004,645
和歌山,wakayama,2003,645
和歌山,wakayama,2002,645
和歌山,wakayama,2001,645
和歌山,wakayama,2000,641
和歌山,wakayama,1999,635
和歌山,wakayama,1998,630
和歌山,wakayama,1997,619
和歌山,wakayama,1996,606
和歌山,wakayama,1995,594
和歌山,wakayama,1994,582
和歌山,wakayama,1993,569
和歌山,wakayama,1992,550
和歌山,wakayama,1991,528
和歌山,wakayama,1990,503
和歌山,wakayama,1989,480
和歌山,wakayama,1988,461
和歌山,wakayama,1987,448
和歌山,wakayama,1986,438
和歌山,wakayama,1985,426
和歌山,wakayama,1984,411
和歌山,wakayama,1983,399
和歌山,wakayama,1982,386
和歌山,wakayama,1981,367
和歌山,wakayama,1980,345
和歌山,wakayama,1979,322
和歌山,wakayama,1978,304
和歌山,wakayama,1977,286
鳥取,tottori,2025,1030
鳥取,tottori,2024,957
鳥取,tottori,2023,900
鳥取,tottori,2022,854
鳥取,tottori,2021,821
鳥取,tottori,2020,792
鳥取,tottori,2019,790
鳥取,tottori,2018,762
鳥取,tottori,2017,738
鳥取,tottori,2016,715
鳥取,tottori,2015,693
鳥取,tottori,2014,677
鳥取,tottori,2013,664
鳥取,tottori,2012,653
鳥取,tottori,2011,646
鳥取,tottori,2010,642
鳥取,tottori,2009,630
鳥取,tottori,2008,629
鳥取,tottori,2007,621
鳥取,tottori,2006,614
鳥取,tottori,2005,612
鳥取,tottori,2004,611
鳥取,tottori,2003,610
鳥取,tottori,2002,610
鳥取,tottori,2001,609
鳥取,tottori,2000,605
鳥取,tottori,1999,600
鳥取,tottori,1998,595
鳥取,tottori,1997,584
鳥取,tottori,1996,571
鳥取,tottori,1995,559
鳥取,tottori,1994,547
鳥取,tottori,1993,534
鳥取,tottori,1992,518
鳥取,tottori,1991,497
鳥取,tottori,1990,474
鳥取,tottori,1989,452
鳥取,tottori,1988,435
鳥取,tottori,1987,422
鳥取,tottori,1986,413
鳥取,tottori,1985,401
鳥取,tottori,1984,387
鳥取,tottori,1983,376
鳥取,tottori,1982,364
鳥取,tottori,1981,346
鳥取,tottori,1980,326
鳥取,tottori,1979,304
鳥取,tottori,1978,286
鳥取,tottori,1977,268
島根,shimane,2025,1033
島根,shimane,2024,962
島根,shimane,2023,904
島根,shimane,2022,857
島根,shimane,2021,824
島根,shimane,2020,792
島根,shimane,2019,790
島根,shimane,2018,764
島根,shimane,2017,740
島根,shimane,2016,718
島根,shimane,2015,696
島根,shimane,2014,679
島根,shimane,2013,664
島根,shimane,2012,652
島根,shimane,2011,646
島根,shimane,2010,642
島根,shimane,2009,630
島根,shimane,2008,629
島根,shimane,2007,621
島根,shimane,2006,614
島根,shimane,2005,612
島根,shimane,2004,610
島根,shimane,2003,609
島根,shimane,2002,609
島根,shimane,2001,608
島根,shimane,2000,603
島根,shimane,1999,598
島根,shimane,1998,592
島根,shimane,1997,582
島根,shimane,1996,570
島根,shimane,1995,558
島根,shimane,1994,546
島根,shimane,1993,533
島根,shimane,1992,516
島根,shimane,1991,496
島根,shimane,1990,472
島根,shimane,1989,451
島根,shimane,1988,433
島根,shimane,1987,421
島根,shimane,1986,412
島根,shimane,1985,400
島根,shimane,1984,386
島根,shimane,1983,374
島根,shimane,1982,363
島根,shimane,1981,345
島根,shimane,1980,323
島根,shimane,1979,302
島根,shimane,1978,287
島根,shimane,1977,270
岡山,okayama,2025,1047
岡山,okayama,2024,982
岡山,okayama,2023,932
岡山,okayama,2022,892
岡山,okayama,2021,862
岡山,okayama,2020,834
岡山,okayama,2019,833
岡山,okayama,2018,807
岡山,okayama,2017,781
岡山,okayama,2016,757
岡山,okayama,2015,735
岡山,okayama,2014,719
岡山,okayama,2013,703
岡山,okayama,2012,691
岡山,okayama,2011,685
岡山,okayama,2010,683
岡山,okayama,2009,670
岡山,okayama,2008,669
岡山,okayama,2007,658
岡山,okayama,2006,648
岡山,okayama,2005,644
岡山,okayama,2004,641
岡山,okayama,2003,640
岡山,okayama,2002,640
岡山,okayama,2001,640
岡山,okayama,2000,636
岡山,okayama,1999,631
岡山,okayama,1998,624
岡山,okayama,1997,613
岡山,okayama,1996,600
岡山,okayama,1995,587
岡山,okayama,1994,573
岡山,okayama,1993,560
岡山,okayama,1992,542
岡山,okayama,1991,520
岡山,okayama,1990,496
岡山,okayama,1989,473
岡山,okayama,1988,454
岡山,okayama,1987,440
岡山,okayama,1986,431
岡山,okayama,1985,418
岡山,okayama,1984,403
岡山,okayama,1983,391
岡山,okayama,1982,379
岡山,okayama,1981,359
岡山,okayama,1980,337
岡山,okayama,1979,314
岡山,okayama,1978,296
岡山,okayama,1977,277
広島,hiroshima,2025,1085
広島,hiroshima,2024,1020
広島,hiroshima,2023,970
広島,hiroshima,2022,930
広島,hiroshima,2021,899
広島,hiroshima,2020,871
広島,hiroshima,2019,871
広島,hiroshima,2018,844
広島,hiroshima,2017,818
広島,hiroshima,2016,793
広島,hiroshima,2015,769
広島,hiroshima,2014,750
広島,hiroshima,2013,733
広島,hiroshima,2012,719
広島,hiroshima,2011,710
広島,hiroshima,2010,704
広島,hiroshima,2009,692
広島,hiroshima,2008,683
広島,hiroshima,2007,669
広島,hiroshima,2006,654
広島,hiroshima,2005,649
広島,hiroshima,2004,645
広島,hiroshima,2003,644
広島,hiroshima,2002,644
広島,hiroshima,2001,643
広島,hiroshima,2000,638
広島,hiroshima,1999,633
広島,hiroshima,1998,627
広島,hiroshima,1997,615
広島,hiroshima,1996,604
広島,hiroshima,1995,591
広島,hiroshima,1994,577
広島,hiroshima,1993,564
広島,hiroshima,1992,545
広島,hiroshima,1991,525
広島,hiroshima,1990,498
広島,hiroshima,1989,475
広島,hiroshima,1988,456
広島,hiroshima,1987,442
広島,hiroshima,1986,433
広島,hiroshima,1985,420
広島,hiroshima,1984,405
広島,hiroshima,1983,394
広島,hiroshima,1982,380
広島,hiroshima,1981,361
広島,hiroshima,1980,337
広島,hiroshima,1979,315
広島,hiroshima,1978,296
広島,hiroshima,1977,278
山口,yamaguchi,2025,1043
山口,yamaguchi,2024,979
山口,yamaguchi,2023,928
山口,yamaguchi,2022,888
山口,yamaguchi,2021,857
山口,yamaguchi,2020,829
山口,yamaguchi,2019,829
山口,yamaguchi,2018,802
山口,yamaguchi,2017,777
山口,yamaguchi,2016,753
山口,yamaguchi,2015,731
山口,yamaguchi,2014,715
山口,yamaguchi,2013,701
山口,yamaguchi,2012,690
山口,yamaguchi,2011,684
山口,yamaguchi,2010,681
山口,yamaguchi,2009,669
山口,yamaguchi,2008,668
山口,yamaguchi,2007,657
山口,yamaguchi,2006,646
山口,yamaguchi,2005,642
山口,yamaguchi,2004,638
山口,yamaguchi,2003,637
山口,yamaguchi,2002,637
山口,yamaguchi,2001,637
山口,yamaguchi,2000,632
山口,yamaguchi,1999,627
山口,yamaguchi,1998,623
山口,yamaguchi,1997,610
山口,yamaguchi,1996,597
山口,yamaguchi,1995,585
山口,yamaguchi,1994,573
山口,yamaguchi,1993,559
山口,yamaguchi,1992,543
山口,yamaguchi,1991,520
山口,yamaguchi,1990,494
山口,yamaguchi,1989,471
山口,yamaguchi,1988,453
山口,yamaguchi,1987,439
山口,yamaguchi,1986,430
山口,yamaguchi,1985,417
山口,yamaguchi,1984,402
山口,yamaguchi,1983,390
山口,yamaguchi,1982,380
山口,yamaguchi,1981,358
山口,yamaguchi,1980,336
山口,yamaguchi,1979,313
山口,yamaguchi,1978,295
山口,yamaguchi,1977,276
徳島,tokushima,2025,1046
徳島,tokushima,2024,980
徳島,tokushima,2023,896
徳島,tokushima,2022,855
徳島,tokushima,2021,824
徳島,tokushima,2020,796
徳島,tokushima,2019,793
徳島,tokushima,2018,766
徳島,tokushima,2017,740
徳島,tokushima,2016,716
徳島,tokushima,2015,695
徳島,tokushima,2014,679
徳島,tokushima,2013,666
徳島,tokushima,2012,654
徳島,tokushima,2011,647
徳島,tokushima,2010,645
徳島,tokushima,2009,633
徳島,tokushima,2008,632
徳島,tokushima,2007,625
徳島,tokushima,2006,617
徳島,tokushima,2005,615
徳島,tokushima,2004,612
徳島,tokushima,2003,611
徳島,tokushima,2002,611
徳島,tokushima,2001,611
徳島,tokushima,2000,607
徳島,tokushima,1999,602
徳島,tokushima,1998,597
徳島,tokushima,1997,588
徳島,tokushima,1996,574
徳島,tokushima,1995,563
徳島,tokushima,1994,550
徳島,tokushima,1993,536
徳島,tokushima,1992,520
徳島,tokushima,1991,498
徳島,tokushima,1990,475
徳島,tokushima,1989,453
徳島,tokushima,1988,436
徳島,tokushima,1987,423
徳島,tokushima,1986,414
徳島,tokushima,1985,402
徳島,tokushima,1984,388
徳島,tokushima,1983,377
徳島,tokushima,1982,365
徳島,tokushima,1981,346
徳島,tokushima,1980,325
徳島,tokushima,1979,304
徳島,tokushima,1978,286
徳島,tokushima,1977,268
香川,kagawa,2025,1036
香川,kagawa,2024,970
香川,kagawa,2023,918
香川,kagawa,2022,878
香川,kagawa,2021,848
香川,kagawa,2020,820
香川,kagawa,2019,818
香川,kagawa,2018,792
香川,kagawa,2017,766
香川,kagawa,2016,742
香川,kagawa,2015,719
香川,kagawa,2014,702
香川,kagawa,2013,686
香川,kagawa,2012,674
香川,kagawa,2011,667
香川,kagawa,2010,664
香川,kagawa,2009,652
香川,kagawa,2008,651
香川,kagawa,2007,640
香川,kagawa,2006,629
香川,kagawa,2005,625
香川,kagawa,2004,620
香川,kagawa,2003,619
香川,kagawa,2002,618
香川,kagawa,2001,618
香川,kagawa,2000,613
香川,kagawa,1999,608
香川,kagawa,1998,602
香川,kagawa,1997,590
香川,kagawa,1996,577
香川,kagawa,1995,565
香川,kagawa,1994,550
香川,kagawa,1993,537
香川,kagawa,1992,520
香川,kagawa,1991,499
香川,kagawa,1990,475
香川,kagawa,1989,453
香川,kagawa,1988,436
香川,kagawa,1987,423
香川,kagawa,1986,414
香川,kagawa,1985,402
香川,kagawa,1984,388
香川,kagawa,1983,377
香川,kagawa,1982,365
香川,kagawa,1981,347
香川,kagawa,1980,326
香川,kagawa,1979,304
香川,kagawa,1978,286
香川,kagawa,1977,268
愛媛,ehime,2025,1033
愛媛,ehime,2024,956
愛媛,ehime,2023,897
愛媛,ehime,2022,853
愛媛,ehime,2021,821
愛媛,ehime,2020,793
愛媛,ehime,2019,790
愛媛,ehime,2018,764
愛媛,ehime,2017,739
愛媛,ehime,2016,717
愛媛,ehime,2015,696
愛媛,ehime,2014,680
愛媛,ehime,2013,666
愛媛,ehime,2012,654
愛媛,ehime,2011,647
愛媛,ehime,2010,644
愛媛,ehime,2009,632
愛媛,ehime,2008,631
愛媛,ehime,2007,623
愛媛,ehime,2006,616
愛媛,ehime,2005,614
愛媛,ehime,2004,612
愛媛,ehime,2003,611
愛媛,ehime,2002,611
愛媛,ehime,2001,611
愛媛,ehime,2000,607
愛媛,ehime,1999,602
愛媛,ehime,1998,597
愛媛,ehime,1997,588
愛媛,ehime,1996,574
愛媛,ehime,1995,563
愛媛,ehime,1994,550
愛媛,ehime,1993,536
愛媛,ehime,1992,520
愛媛,ehime,1991,498
愛媛,ehime,1990,475
愛媛,ehime,1989,453
愛媛,ehime,1988,436
愛媛,ehime,1987,423
愛媛,ehime,1986,414
愛媛,ehime,1985,402
愛媛,ehime,1984,388
愛媛,ehime,1983,377
愛媛,ehime,1982,365
愛媛,ehime,1981,346
愛媛,ehime,1980,325
愛媛,ehime,1979,304
愛媛,ehime,1978,286
愛媛,ehime,1977,268
高知,kochi,2025,1023
高知,kochi,2024,952
高知,kochi,2023,897
高知,kochi,2022,853
高知,kochi,2021,820
高知,kochi,2020,792
高知,kochi,2019,790
高知,kochi,2018,762
高知,kochi,2017,737
高知,kochi,2016,715
高知,kochi,2015,693
高知,kochi,2014,677
高知,kochi,2013,664
高知,kochi,2012,652
高知,kochi,2011,645
高知,kochi,2010,642
高知,kochi,2009,631
高知,kochi,2008,630
高知,kochi,2007,622
高知,kochi,2006,615
高知,kochi,2005,613
高知,kochi,2004,611
高知,kochi,2003,611
高知,kochi,2002,611
高知,kochi,2001,610
高知,kochi,2000,606
高知,kochi,1999,601
高知,kochi,1998,596
高知,kochi,1997,585
高知,kochi,1996,573
高知,kochi,1995,562
高知,kochi,1994,550
高知,kochi,1993,536
高知,kochi,1992,520
高知,kochi,1991,498
高知,kochi,1990,475
高知,kochi,1989,453
高知,kochi,1988,436
高知,kochi,1987,423
高知,kochi,1986,414
高知,kochi,1985,402
高知,kochi,1984,388
高知,kochi,1983,377
高知,kochi,1982,365
高知,kochi,1981,347
高知,kochi,1980,326
高知,kochi,1979,305
高知,kochi,1978,287
高知,kochi,1977,269
福岡,fukuoka,2025,1057
福岡,fukuoka,2024,992
福岡,fukuoka,2023,941
福岡,fukuoka,2022,900
福岡,fukuoka,2021,870
福岡,fukuoka,2020,842
福岡,fukuoka,2019,841
福岡,fukuoka,2018,814
福岡,fukuoka,2017,789
福岡,fukuoka,2016,765
福岡,fukuoka,2015,743
福岡,fukuoka,2014,727
福岡,fukuoka,2013,712
福岡,fukuoka,2012,701
福岡,fukuoka,2011,695
福岡,fukuoka,2010,692
福岡,fukuoka,2009,680
福岡,fukuoka,2008,675
福岡,fukuoka,2007,663
福岡,fukuoka,2006,652
福岡,fukuoka,2005,648
福岡,fukuoka,2004,645
福岡,fukuoka,2003,644
福岡,fukuoka,2002,643
福岡,fukuoka,2001,643
福岡,fukuoka,2000,639
福岡,fukuoka,1999,634
福岡,fukuoka,1998,628
福岡,fukuoka,1997,617
福岡,fukuoka,1996,603
福岡,fukuoka,1995,591
福岡,fukuoka,1994,578
福岡,fukuoka,1993,564
福岡,fukuoka,1992,547
福岡,fukuoka,1991,525
福岡,fukuoka,1990,500
福岡,fukuoka,1989,477
福岡,fukuoka,1988,459
福岡,fukuoka,1987,445
福岡,fukuoka,1986,435
福岡,fukuoka,1985,422
福岡,fukuoka,1984,407
福岡,fukuoka,1983,395
福岡,fukuoka,1982,383
福岡,fukuoka,1981,363
福岡,fukuoka,1980,341
福岡,fukuoka,1979,319
福岡,fukuoka,1978,300
福岡,fukuoka,1977,280
佐賀,saga,2025,1030
佐賀,saga,2024,956
佐賀,saga,2023,900
佐賀,saga,2022,853
佐賀,saga,2021,821
佐賀,saga,2020,792
佐賀,saga,2019,790
佐賀,saga,2018,762
佐賀,saga,2017,737
佐賀,saga,2016,715
佐賀,saga,2015,694
佐賀,saga,2014,678
佐賀,saga,2013,664
佐賀,saga,2012,653
佐賀,saga,2011,646
佐賀,saga,2010,642
佐賀,saga,2009,629
佐賀,saga,2008,628
佐賀,saga,2007,619
佐賀,saga,2006,611
佐賀,saga,2005,608
佐賀,saga,2004,606
佐賀,saga,2003,605
佐賀,saga,2002,605
佐賀,saga,2001,604
佐賀,saga,2000,600
佐賀,saga,1999,595
佐賀,saga,1998,590
佐賀,saga,1997,579
佐賀,saga,1996,566
佐賀,saga,1995,554
佐賀,saga,1994,541
佐賀,saga,1993,528
佐賀,saga,1992,512
佐賀,saga,1991,491
佐賀,saga,1990,468
佐賀,saga,1989,446
佐賀,saga,1988,429
佐賀,saga,1987,416
佐賀,saga,1986,407
佐賀,saga,1985,395
佐賀,saga,1984,381
佐賀,saga,1983,369
佐賀,saga,1982,358
佐賀,saga,1981,339
佐賀,saga,1980,318
佐賀,saga,1979,297
佐賀,saga,1978,280
佐賀,saga,1977,261
長崎,nagasaki,2025,1031
長崎,nagasaki,2024,953
長崎,nagasaki,2023,898
長崎,nagasaki,2022,853
長崎,nagasaki,2021,821
長崎,nagasaki,2020,793
長崎,nagasaki,2019,790
長崎,nagasaki,2018,762
長崎,nagasaki,2017,737
長崎,nagasaki,2016,715
長崎,nagasaki,2015,694
長崎,nagasaki,2014,677
長崎,nagasaki,2013,664
長崎,nagasaki,2012,653
長崎,nagasaki,2011,646
長崎,nagasaki,2010,642
長崎,nagasaki,2009,629
長崎,nagasaki,2008,628
長崎,nagasaki,2007,619
長崎,nagasaki,2006,611
長崎,nagasaki,2005,608
長崎,nagasaki,2004,606
長崎,nagasaki,2003,605
長崎,nagasaki,2002,605
長崎,nagasaki,2001,604
長崎,nagasaki,2000,600
長崎,nagasaki,1999,595
長崎,nagasaki,1998,590
長崎,nagasaki,1997,579
長崎,nagasaki,1996,566
長崎,nagasaki,1995,554
長崎,nagasaki,1994,541
長崎,nagasaki,1993,528
長崎,nagasaki,1992,512
長崎,nagasaki,1991,491
長崎,nagasaki,1990,468
長崎,nagasaki,1989,446
長崎,nagasaki,1988,428
長崎,nagasaki,1987,416
長崎,nagasaki,1986,407
長崎,nagasaki,1985,395
長崎,nagasaki,1984,381
長崎,nagasaki,1983,369
長崎,nagasaki,1982,358
長崎,nagasaki,1981,339
長崎,nagasaki,1980,318
長崎,nagasaki,1979,297
長崎,nagasaki,1978,280
長崎,nagasaki,1977,261
熊本,kumamoto,2025,1034
熊本,kumamoto,2024,952
熊本,kumamoto,2023,898
熊本,kumamoto,2022,853
熊本,kumamoto,2021,821
熊本,kumamoto,2020,793
熊本,kumamoto,2019,790
熊本,kumamoto,2018,762
熊本,kumamoto,2017,737
熊本,kumamoto,2016,715
熊本,kumamoto,2015,694
熊本,kumamoto,2014,677
熊本,kumamoto,2013,664
熊本,kumamoto,2012,653
熊本,kumamoto,2011,647
熊本,kumamoto,2010,643
熊本,kumamoto,2009,630
熊本,kumamoto,2008,628
熊本,kumamoto,2007,620
熊本,kumamoto,2006,612
熊本,kumamoto,2005,609
熊本,kumamoto,2004,607
熊本,kumamoto,2003,606
熊本,kumamoto,2002,606
熊本,kumamoto,2001,605
熊本,kumamoto,2000,600
熊本,kumamoto,1999,595
熊本,kumamoto,1998,590
熊本,kumamoto,1997,580
熊本,kumamoto,1996,567
熊本,kumamoto,1995,555
熊本,kumamoto,1994,541
熊本,kumamoto,1993,528
熊本,kumamoto,1992,513
熊本,kumamoto,1991,492
熊本,kumamoto,1990,468
熊本,kumamoto,1989,446
熊本,kumamoto,1988,429
熊本,kumamoto,1987,416
熊本,kumamoto,1986,407
熊本,kumamoto,1985,395
熊本,kumamoto,1984,381
熊本,kumamoto,1983,369
熊本,kumamoto,1982,360
熊本,kumamoto,1981,339
熊本,kumamoto,1980,318
熊本,kumamoto,1979,297
熊本,kumamoto,1978,280
熊本,kumamoto,1977,261
大分,oita,2025,1035
大分,oita,2024,954
大分,oita,2023,899
大分,oita,2022,854
大分,oita,2021,822
大分,oita,2020,792
大分,oita,2019,790
大分,oita,2018,762
大分,oita,2017,737
大分,oita,2016,715
大分,oita,2015,694
大分,oita,2014,677
大分,oita,2013,664
大分,oita,2012,653
大分,oita,2011,647
大分,oita,2010,643
大分,oita,2009,631
大分,oita,2008,630
大分,oita,2007,620
大分,oita,2006,613
大分,oita,2005,610
大分,oita,2004,607
大分,oita,2003,606
大分,oita,2002,606
大分,oita,2001,605
大分,oita,2000,600
大分,oita,1999,595
大分,oita,1998,591
大分,oita,1997,580
大分,oita,1996,566
大分,oita,1995,554
大分,oita,1994,541
大分,oita,1993,528
大分,oita,1992,512
大分,oita,1991,491
大分,oita,1990,468
大分,oita,1989,446
大分,oita,1988,429
大分,oita,1987,416
大分,oita,1986,407
大分,oita,1985,395
大分,oita,1984,381
大分,oita,1983,369
大分,oita,1982,360
大分,oita,1981,339
大分,oita,1980,318
大分,oita,1979,297
大分,oita,1978,279
大分,oita,1977,261
宮崎,miyazaki,2025,1023
宮崎,miyazaki,2024,952
宮崎,miyazaki,2023,897
宮崎,miyazaki,2022,853
宮崎,miyazaki,2021,821
宮崎,miyazaki,2020,793
宮崎,miyazaki,2019,790
宮崎,miyazaki,2018,762
宮崎,miyazaki,2017,737
宮崎,miyazaki,2016,714
宮崎,miyazaki,2015,693
宮崎,miyazaki,2014,677
宮崎,miyazaki,2013,664
宮崎,miyazaki,2012,653
宮崎,miyazaki,2011,646
宮崎,miyazaki,2010,642
宮崎,miyazaki,2009,629
宮崎,miyazaki,2008,627
宮崎,miyazaki,2007,619
宮崎,miyazaki,2006,611
宮崎,miyazaki,2005,608
宮崎,miyazaki,2004,606
宮崎,miyazaki,2003,605
宮崎,miyazaki,2002,605
宮崎,miyazaki,2001,604
宮崎,miyazaki,2000,600
宮崎,miyazaki,1999,595
宮崎,miyazaki,1998,589
宮崎,miyazaki,1997,579
宮崎,miyazaki,1996,566
宮崎,miyazaki,1995,554
宮崎,miyazaki,1994,541
宮崎,miyazaki,1993,528
宮崎,miyazaki,1992,512
宮崎,miyazaki,1991,491
宮崎,miyazaki,1990,468
宮崎,miyazaki,1989,446
宮崎,miyazaki,1988,428
宮崎,miyazaki,1987,416
宮崎,miyazaki,1986,407
宮崎,miyazaki,1985,395
宮崎,miyazaki,1984,381
宮崎,miyazaki,1983,369
宮崎,miyazaki,1982,358
宮崎,miyazaki,1981,339
宮崎,miyazaki,1980,318
宮崎,miyazaki,1979,297
宮崎,miyazaki,1978,280
宮崎,miyazaki,1977,261
鹿児島,kagoshima,2025,1026
鹿児島,kagoshima,2024,953
鹿児島,kagoshima,2023,897
鹿児島,kagoshima,2022,853
鹿児島,kagoshima,2021,821
鹿児島,kagoshima,2020,793
鹿児島,kagoshima,2019,790
鹿児島,kagoshima,2018,761
鹿児島,kagoshima,2017,737
鹿児島,kagoshima,2016,715
鹿児島,kagoshima,2015,694
鹿児島,kagoshima,2014,678
鹿児島,kagoshima,2013,665
鹿児島,kagoshima,2012,654
鹿児島,kagoshima,2011,647
鹿児島,kagoshima,2010,642
鹿児島,kagoshima,2009,630
鹿児島,kagoshima,2008,627
鹿児島,kagoshima,2007,619
鹿児島,kagoshima,2006,611
鹿児島,kagoshima,2005,608
鹿児島,kagoshima,2004,606
鹿児島,kagoshima,2003,605
鹿児島,kagoshima,2002,605
鹿児島,kagoshima,2001,604
鹿児島,kagoshima,2000,600
鹿児島,kagoshima,1999,595
鹿児島,kagoshima,1998,590
鹿児島,kagoshima,1997,579
鹿児島,kagoshima,1996,566
鹿児島,kagoshima,1995,554
鹿児島,kagoshima,1994,541
鹿児島,kagoshima,1993,528
鹿児島,kagoshima,1992,512
鹿児島,kagoshima,1991,492
鹿児島,kagoshima,1990,468
鹿児島,kagoshima,1989,446
鹿児島,kagoshima,1988,428
鹿児島,kagoshima,1987,416
鹿児島,kagoshima,1986,407
鹿児島,kagoshima,1985,395
鹿児島,kagoshima,1984,381
鹿児島,kagoshima,1983,369
鹿児島,kagoshima,1982,358
鹿児島,kagoshima,1981,339
鹿児島,kagoshima,1980,318
鹿児島,kagoshima,1979,297
鹿児島,kagoshima,1978,279
鹿児島,kagoshima,1977,261
沖縄,okinawa,2025,1023
沖縄,okinawa,2024,952
沖縄,okinawa,2023,896
沖縄,okinawa,2022,853
沖縄,okinawa,2021,820
沖縄,okinawa,2020,792
沖縄,okinawa,2019,790
沖縄,okinawa,2018,762
沖縄,okinawa,2017,737
沖縄,okinawa,2016,714
沖縄,okinawa,2015,693
沖縄,okinawa,2014,677
沖縄,okinawa,2013,664
沖縄,okinawa,2012,653
沖縄,okinawa,2011,645
沖縄,okinawa,2010,642
沖縄,okinawa,2009,629
沖縄,okinawa,2008,627
沖縄,okinawa,2007,618
沖縄,okinawa,2006,610
沖縄,okinawa,2005,608
沖縄,okinawa,2004,606
沖縄,okinawa,2003,605
沖縄,okinawa,2002,604
沖縄,okinawa,2001,604
沖縄,okinawa,2000,600
沖縄,okinawa,1999,595
沖縄,okinawa,1998,590
沖縄,okinawa,1997,579
沖縄,okinawa,1996,566
沖縄,okinawa,1995,554
沖縄,okinawa,1994,541
沖縄,okinawa,1993,528
沖縄,okinawa,1992,512
沖縄,okinawa,1991,491
沖縄,okinawa,1990,468
沖縄,okinawa,1989,446
沖縄,okinawa,1988,429
沖縄,okinawa,1987,416
沖縄,okinawa,1986,407
沖縄,okinawa,1985,395
沖縄,okinawa,1984,381
沖縄,okinawa,1983,369
沖縄,okinawa,1982,358
沖縄,okinawa,1981,339
沖縄,okinawa,1980,318
沖縄,okinawa,1979,297
沖縄,okinawa,1978,280
沖縄,okinawa,1977,261
全国加重平均,zenkoku,2025,1121
全国加重平均,zenkoku,2024,1055
全国加重平均,zenkoku,2023,1004
全国加重平均,zenkoku,2022,961
全国加重平均,zenkoku,2021,930
全国加重平均,zenkoku,2020,902
全国加重平均,zenkoku,2019,901
全国加重平均,zenkoku,2018,874
全国加重平均,zenkoku,2017,848
全国加重平均,zenkoku,2016,823
全国加重平均,zenkoku,2015,798
全国加重平均,zenkoku,2014,780
全国加重平均,zenkoku,2013,764
全国加重平均,zenkoku,2012,749
全国加重平均,zenkoku,2011,737
全国加重平均,zenkoku,2010,730
全国加重平均,zenkoku,2009,713
全国加重平均,zenkoku,2008,703
全国加重平均,zenkoku,2007,687
全国加重平均,zenkoku,2006,673
全国加重平均,zenkoku,2005,668
全国加重平均,zenkoku,2004,665
全国加重平均,zenkoku,2003,664
全国加重平均,zenkoku,2002,663
全国加重平均,zenkoku,2001,664
全国加重平均,zenkoku,2000,659
全国加重平均,zenkoku,1999,654
全国加重平均,zenkoku,1998,649
全国加重平均,zenkoku,1997,637
全国加重平均,zenkoku,1996,624
全国加重平均,zenkoku,1995,611
全国加重平均,zenkoku,1994,597
全国加重平均,zenkoku,1993,583
全国加重平均,zenkoku,1992,565
全国加重平均,zenkoku,1991,541
全国加重平均,zenkoku,1990,516
全国加重平均,zenkoku,1989,492
全国加重平均,zenkoku,1988,474
全国加重平均,zenkoku,1987,461
全国加重平均,zenkoku,1986,451
全国加重平均,zenkoku,1985,438
全国加重平均,zenkoku,1984,423
全国加重平均,zenkoku,1983,411
全国加重平均,zenkoku,1982,399
全国加重平均,zenkoku,1981,379
全国加重平均,zenkoku,1980,357
全国加重平均,zenkoku,1979,334
全国加重平均,zenkoku,1978,315
